id,tipo_de_publicacion,tipo_de_producto,caption
0,novedades,velas,"ğŸ“¢ Â¡Novedad en la tienda! âœ¨ Hoy estoy muy emocionada de presentarte un producto muy especial: velitas aromÃ¡ticas naturales.
Estas velitas son Ãºnicas porque cada una estÃ¡ hecha en un tronco natural vaciado y tratado a mano, creando un recipiente exclusivo y diferente. No hay dos iguales, por lo que tu velita serÃ¡ Ãºnica y especial. AdemÃ¡s, estÃ¡n elaboradas con cera de soja 100% natural y aromas irresistibles.

Por ahora, puedes elegir entre dos fragancias:

ğŸ”¥ Canela especiada â€“ Un aroma dulce y envolvente que recuerda a tardes acogedoras con una taza de tÃ© y un buen libro. Si estÃ¡s leyendo fantasÃ­a, esta velita te harÃ¡ sentir dentro de tu historia.

ğŸ’œ Lavanda fresca â€“ Un toque floral y relajante, perfecto para acompaÃ±ar lecturas romÃ¡nticas o para regalar en San ValentÃ­n. Ideal para desconectar y transportarte a otro mundo.

ğŸŒ¿ Aromas 100% naturales 

Este mes tenemos unidades limitadas.  Si quieres transformar tu rincÃ³n de lectura en un espacio mÃ¡gico, escrÃ­beme un mensaje. Â¡EstarÃ© encantada de ayudarte!

ğŸ’¬ CuÃ©ntame en los comentarios quÃ© aroma te gusta mÃ¡s o quÃ© fragancia te gustarÃ­a para la prÃ³xima colecciÃ³n. ğŸ’•"
1,promocion,marcapaginas,"Â¿QuiÃ©n mÃ¡s ha sentido un antes y un despuÃ©s en su vida lectora tras leer la saga de ACOTAR? Estos libros son para releerlos una y otra vez y quÃ© mejor manera que usando este precioso marcapÃ¡ginas a juego. El diseÃ±o estÃ¡ basado en los elementos mÃ¡s importantes de la historia. Tenemos la espada que atraviesa en vertical y simboliza la fuerza y las batallas a las que se enfrentan nuestros protagonistas, mÃ¡s abajo las alas de Rhysand, la luna de la corte noche y las mÃ¡gicas montaÃ±as de velaris. Por ultimo se encuentra un libro abierto que te invita a entrar en esta maravillosa historia. Â¿QuÃ© os parece el diseÃ±o? Si querÃ©is mÃ¡s informaciÃ³n sobre los accesorios lectores podÃ©is mirar la guÃ­a de compra y el catÃ¡logo de productos en los links de la biografÃ­a. #libros #acotar #rhysand #feyre #marcapaginas #artesanÃ­a #madera #hechoamano #lectura"
2,novedades,sujetapaginas,"âœ¨SOPORTES DE PÃGINASâœ¨

He hecho una nueva tirada de soportes que ya estÃ¡n disponibles!! Gracias por todo el apoyo que le habÃ©is dado a este nuevo producto de la tienda en tan poquito tiempo.ğŸ¥°â¤ï¸
Estos soportes decorados con brillitos y flores secas naturales son un accesorio de lectura perfecto para estos dÃ­as de primavera que entran.ğŸŒ¸ğŸŒ·
Mi favorito de esta tanda es el naranja de la primera foto. Â¿CuÃ¡l es el vuestro? Os leo!!â¤ï¸"
3,novedades,velas,"ğŸ¦ ApreciaciÃ³n de la velita de Vainilla ğŸ¦

Hoy quiero presentaros mÃ¡s a fondo esta nueva velita. Con este aroma quise hacer algo especial y diferente, algo que reflejara lo que para mÃ­ es la primavera: un equilibrio entre lo dulce y lo floral, los dÃ­as soleados y los momentos de relajaciÃ³n en la naturaleza.

Esta velita tiene una decoraciÃ³n muy especial: melts con forma de dulces, que al encenderse se funden junto con la cera, intensificando el aroma y haciendo que la vela dure aÃºn mÃ¡s.

Si querÃ©is conseguir vuestra velita de Vainilla, podÃ©is escribirme por mensaje directo o encontrarla en mi pÃ¡gina de Vinted. Â¡Espero que os encante! âœ¨

#vainilla #primavera #velasaromaticas
#vela #dulce #sweet #vanilla
#natural #handmade #hechoamano #aroma #artesanÃ­a"
4,promocion,multitipo,"Hola!! Hoy os traigo un post muy especial con motivo de los primeros 1000 seguidores de la cuenta ğŸ˜ŠğŸ¥³ğŸŠ
Como agradecimiento por todo vuestro apoyo a mi pequeÃ±o negocio, querÃ­a daros la posibilidad de conocer a Cozy Tales y a la persona que hay detrÃ¡s de la cuenta un poco mÃ¡s.
Gracias por todos los comentarios, mensajes, me gusta... No sabÃ©is lo que significa para mÃ­ que tantas personas vean este contenido y puedan compartir conmigo este viaje que empecÃ© hace 3 meses sin saber cÃ³mo irÃ­a. Esta cuenta no serÃ­a nada sin vosotras. Espero que disfrutÃ©is tanto como yo este espacio que fue creado para que fuese un refugio, relajante y seguro, para que las lectoras compartan su amor por los libros y puedan crear su ambiente cozy con productos naturales. 
Gracias, una vez mÃ¡s. â¤ï¸"
5,promocion,velas,"Mirad lo que me ha llegadoğŸ˜­

â˜•Cuando vi la nueva colecciÃ³n de velitas de @cozytales_books me enamorÃ© profundamente.

â˜•He elegido este modelo primaveral con olor a vainilla y melts en forma de nubes y dulces. Dan ganas de comÃ©rsela de lo bien que huele y lo monÃ­sima que es. Y el soporte para libros es alucinante; con flores secas naturales y mucho brillo.

â˜•Os animo a que pasÃ©is por su perfil y os pilleis todo lo que tiene porque es increÃ­ble.

â˜•Laura envÃ­a los pedidos con sumo cuidado y cariÃ±o. Desde el detallito de las pegatinas, las bolsitas, las tarjetas, TODO. Y la calidad es excelente.

Mil gracias, de verdadâœ¨ğŸ¤"
6,novedades,stickers,"âœ¨Nuevos diseÃ±os STICKERSâœ¨

Hola!! Hoy os traigo una novedad que tenÃ­a muchas ganas de lanzar: la coleccion COZY PETSğŸ˜ŠğŸ¶ğŸ±ğŸ¦•

Estos stickers tan monos estÃ¡n basados en animalitos lectores y cozy. 
Os comparto tambien los bocetos que hice antes de digitalizarlos y darle color, asÃ­ veis un poco de como fue su creaciÃ³n a mano.ğŸ¥°

Si os gusta decorar vuestros objetos mÃ¡s especiales para hacerlos Ãºnicos y sois amantes de los animalitos (cÃ³mo yoğŸ¤­) no os pueden faltar estas pegatinas en vuestra colecciÃ³n.

El pack incluye los 5 stickers que veÃ­s: el bebÃ© dinosaurio, el dragÃ³n sobre libros, el gatito escondido detrÃ¡s de libros, el perrito cozy y el mapache con bufandaâ¤ï¸

AdemÃ¡s, podÃ©is elegir entre los stickers normales o los hologrÃ¡ficos, que brillan con el reflejo de la luz.âœ¨

Adelanto que esta colecciÃ³n constarÃ¡ de 4 partes, cada una correspondiente a una estaciÃ³n del aÃ±o. Esta primera corresponde a la de invierno.â„ï¸

Si os han gustado y ya tenÃ©is el sitio perfecto en el que colocarlos, podÃ©is hablarme a MD para conseguir el tuyo ğŸ’Œ

Â¿QuÃ© os parece esta novedad? Â¿CuÃ¡l es vuestro sticker favorito de la colecciÃ³n? Os leo en comentarios!!ğŸ‘€

#stickers #cozy #libros #diseÃ±o #pegatinas
#decoracion #bookstagram #booktok #kindle
#coleccion"
7,novedades,sujetapaginas,"ğŸŒ¸âœ¨ Â¡Nuevo producto en la tienda! âœ¨ğŸŒ¸

Llevaba tiempo deseando enseÃ±aros este nuevo producto que diseÃ±Ã© inspirÃ¡ndome en la primavera, y por fin ha llegado el momento. Os presento los soportes para pÃ¡ginas de resina, diseÃ±ados para hacer vuestra lectura aÃºn mÃ¡s cÃ³moda y especial. ğŸ“–ğŸ’–

Cada uno estÃ¡ decorado con flores secas y un toque de brillo, convirtiÃ©ndolos en piezas irrepetibles. Al ser artesanales, no hay dos iguales, pero todos comparten la misma esencia. Algunas son totalmente lisas mientras que en otras puedes notar el relieve de las flores, lo que hace que la belleza de cada pieza sea Ãºnica e inigualable.ğŸŒ¿âœ¨

Si te encanta leer al aire libre, tomar cafÃ© con un libro en mano o simplemente buscas un detallito especial para tu rincÃ³n de lectura, este soporte te va a enamorar. Â¡No te quedes sin el tuyo esta primavera! ğŸŒ¸ğŸ“šğŸ’›

#libros #lecturas #floral #primavera #paginas #artesanÃ­a #cozy #aesthetic"
8,promocion,velas,"Hola!! El vÃ­deo de hoy es sÃºper especial. Os querÃ­a enseÃ±ar uno de los regalitos que me ha hecho mi novio por mi cumple de una de mis tiendas favoritas de esta plataforma. 
Esta tiendita no podÃ­a ser otra que la de @secretgardenscandles.â¤ï¸ğŸ˜Š
Os digo de corazÃ³n que esta chica, ademÃ¡s de ser sÃºper agradable y maravillosa, hace un trabajo chulÃ­simo y muy currado. Os querÃ­a mostrar en este vÃ­deo todos los detallitos que me han llegado con el pedido de la velita de Once Upon a Broken Heart. 
Agradezco muchÃ­simo a Clara el cariÃ±o que le ha puesto a mi pedido (y tambiÃ©n a mi novio por este regalazo jajaja)ğŸ¤­â¤ï¸
Yo desde luego repetirÃ© con ella, porque la velita y los melts huelen increÃ­ble.

Contadme, Â¿conocÃ­ais esta cuenta?Â¿TenÃ©is la suerte de tener una velita suya en casa? Os leo!!ğŸ‘€â¤ï¸

#libros #velas #onceuponabrokenheart #lectura #bookstagram"
9,promocion,velas,"Â¿QuiÃ©n mÃ¡s ama levantarse y disfrutar de un buen cafÃ© y su aroma? Estas velitas son ideales si amas las maÃ±anas de cafÃ©, libro y relax. Espero que tengÃ¡is un buen sÃ¡bado â¤ï¸ #findesemana #cafÃ© #libros #velasaromaticas #aroma #relax #bookstagram"
10,novedades,multitipo,"ğŸŒ¸âœ¨ Â¡Hoy es un dÃ­a especial en Cozy Tales! âœ¨ğŸŒ¸

Con la llegada de la primavera, tambiÃ©n llegan novedades frescas y acogedoras a la tienda. Y esta vez, Â¡doble sorpresa! ğŸŒ¿ğŸ’›

ğŸŒ¼ Nueva colecciÃ³n de velas primaverales:
Hemos creado tres nuevas fragancias que capturan la esencia de esta estaciÃ³n mÃ¡gica:
ğŸ¦ Vainilla â€“ Dulce y envolvente, como un abrazo cÃ¡lido.
ğŸŒ¸ Azahar â€“ Floral y delicado, con el encanto de los naranjos en flor.
ğŸŠ Naranja â€“ Refrescante y vibrante, llena de energÃ­a y frescura.
ğŸª»Lavanda -- No es novedad, pero no podÃ­a faltar en esta colecciÃ³n.

Las velitas son limitadas!! Corred a por la vuestra antes de que se agotenğŸ¤­âœ¨

â˜ï¸ Â¡AdemÃ¡s, estrenamos un nuevo producto! â˜ï¸
Ahora puedes disfrutar de tus aromas favoritos en wax melts de cera de soja 100% natural. Estas pequeÃ±as nubecitas aromÃ¡ticas llenarÃ¡n tu espacio con un perfume increÃ­blemente intenso, perfecto para crear momentos de relax y lectura.

ğŸ’« Fragancias disponibles en wax melts:
âœ¨ Canela, Lavanda, Dragon Blood, Canela-Naranja y CafÃ©.
ğŸŒ¸ Y, por supuesto, las nuevas de primavera: Vainilla, Azahar y Naranja.

TambiÃ©n quiero anunciar que he abierto una cuenta en Vinted, por si preferÃ­s hacer vuestra compra por allÃ­ ğŸ˜Š. Os dejo el enlace a continuaciÃ³n, aunque tambiÃ©n estÃ¡ en la descripciÃ³n y en historias.

https://www.vinted.es/member/261459280

Â¿QuÃ© os parecen estas nuevas incorporaciones? Â¡Estoy deseando que las probÃ©is! Â¿CuÃ¡l os llama mÃ¡s la atenciÃ³n?ğŸ’•ğŸŒ¿

#velasaromaticas #velas #melts #waxmelts #aromas #aromaterapia #natural #relax #relajacion #decoracion"
11,promocion,fundas,"Hoy os traigo una publicaciÃ³n un poco mÃ¡s diferente. ğŸ¤­âœ¨ Mirando las telas y las funditas de la colecciÃ³n pensÃ© si los personajes de mis libros favoritos usasen funditas literariasÂ¿CuÃ¡les usarÃ­an? AsÃ­ que hice esta publicaciÃ³n con las vibes que me daban las fundas.ğŸ˜Š Si te gustan las funditas y te interesa para proteger vuestros libros esta primavera, puedes contactarme por mensaje directo ğŸ¥°â¤ï¸ Â¿QuÃ© os parecen estÃ¡s asociaciones? Â¿PensÃ¡is en otros personajes al ver las funditas? Os leo!!ğŸ‘€â£ï¸ #fundasliterarias #libros #aesthetic #hechoamano #handmade #lectura #powerless #acotar #caraval #onceuponabrokenheart #novia #binding13 #keeping13"
12,novedades,velas,"âœ¨ğŸ”¥ NUEVAS VELITAS NATURALES ğŸ”¥âœ¨
Estoy sÃºper emocionada por enseÃ±aros los nuevos aromas y diseÃ±os de velitas naturales. Espero que os encanten, al igual que a mÃ­ me ha encantado crearlas. 

ğŸ‰âœ¨ Dragon Blood â€“ La joya de esta colecciÃ³n. Misteriosa, poderosa y mÃ¡gica. Su esencia Dragon Blood ha sido usada durante siglos en el Ã¡mbito de la espiritualidad para atraer protecciÃ³n, energÃ­a positiva y claridad mental. AdemÃ¡s, la hemos decorado con cuarzo rosa, una piedra vinculada al amor propio y la armonÃ­a. Si eres de las que devoran la fantasÃ­a con romance o las historias llenas de magia, esta vela es para ti. ğŸ°ğŸ”®

â˜• CafÃ© â€“ Para las que no pueden vivir sin el aroma a cafÃ© reciÃ©n hecho. Suave, envolvente y con ese toque achocolatado que tanto nos gusta. Cierra los ojos y siente como si estuvieras bebiendo tu cafÃ© favorito, libro en mano y el sonido de la lluvia golpeando la ventana. Perfecta si estÃ¡s leyendo un libro adictivo del que no te puedes despegar. ğŸŒ§ï¸ğŸ“š

ğŸ•¯ï¸ Canela-Vainilla â€“ Si te quedaste con ganas de la velita de canela que tan pronto se agotÃ³ la Ãºltima vez, prepÃ¡rate para enamorarte de esta nueva versiÃ³n con vainilla. Dulce, especiada y reconfortante, es el aroma perfecto para acompaÃ±arte en esas tardes de relajaciÃ³n con tu libro favorito. Ideal si tu lectura actual es un romance o una historia cozy que te haga sentir en casa. ğŸ‚ğŸ“–

Todas nuestras velitas estÃ¡n hechas con cera de soja 100% natural, aromas naturales y recipientes Ãºnicos de madera de olivo vaciada y tratada a mano ğŸŒ¿. Son piezas exclusivas, hechas con amor y respeto por la naturaleza.
ğŸ’Œ Corre a por la tuya antes de que vuelen, las unidades son limitadas. 
Â¿CuÃ¡l de estas tres serÃ­a tu compaÃ±era perfecta de lectura? Â¡Te leo en comentarios! ğŸ‘‡ğŸ’¬"
13,promocion,velas,"Hoy os traigo un vÃ­deo de toda la colecciÃ³n de velitas que tengo en venta hasta ahora en la tienda.ğŸ˜Š Cada velita estÃ¡ hecha a mano con mucho cariÃ±o pensando en cada una de vosotrasğŸ¥°. Me gustarÃ­a compartir un poco de cÃ³mo surgiÃ³ la idea de hacer estas velas. A la hora de crear un producto, siempre pienso en cÃ³mo este puede acompaÃ±aros en los momentos que mÃ¡s apreciamos en el dÃ­a: los ratitos en el que nos permitimos hacer las cosas que mÃ¡s nos gustan. A veces los dÃ­as van demasiado deprisa y las presiones a las que nos sometemos no nos dejan disfrutar de lo realmente importante. Por eso, creo que es importante tener a tu lado pequeÃ±os incentivos que te recuerden que te mereces descansar, disfrutar y cuidarte. Con todo esto en mente surgiÃ³ la idea de crear estas velas totalmente naturales, recogidas de la propia naturaleza y con aromas que nos ayuden a sentirnos bien. La idea era crear un producto que aÃ±adiese valor a nuestro dÃ­a cuidÃ¡ndonos a nosotras con sus materiales respetuosos y de buena calidad. Quiero agradecer en este posto todo el cariÃ±o que le estÃ¡is dando a las velitas. Gracias por cada "me gusta", comentario o palabra bonita ğŸ’•ğŸ¥¹ #libros #velas #lectura #cozy #artesanÃ­a #hechoamano #regalos #bookstagram #booktok #books #natural #naturaleza"
14,promocion,velas,"Hoy vengo a hablaros de una velita muy especial: Dragon Blood. SÃ© que muchas tenÃ­ais dudas sobre su aroma, asÃ­ que aquÃ­ os cuento todo.

Su fragancia es dulce y cÃ¡lida, pero nada empalagosa. No hay un olor exacto con el que compararla, pero si tuviera que describirla en pocas palabras, dirÃ­a que huele a un perfume envolvente y reconfortante. Aunque, sinceramente, la mejor forma de descubrirlo es que la pruebes tÃº mismaâ€¦

AdemÃ¡s, esta velita es perfecta para quienes sienten conexiÃ³n con su espiritualidad, creen en la energÃ­a que nos rodea y mueve el mundo y entienden el poder de las pequeÃ±as cositas que son las que mÃ¡s felices nos hacen. Si buscas un ambiente de concentraciÃ³n, calma y armonÃ­a, Dragon Blood es para ti.

CuÃ©ntame, Â¿ya conocÃ­as este aroma? Â¿Te animas a probarlo? ğŸ’«ğŸ•¯ï¸ğŸ’•

#velas
#libros #espiritualidad #cozy #fantasÃ­a
#lectura #aesthetic #historia"
15,promocion,marcapaginas,"âœ¨MarcapÃ¡ginas de ACOTAR âœ¨

Este marcapÃ¡ginas pirograbado a mano es sin duda mi favorito de la colecciÃ³nğŸ¤­ Ademas queda perfecto como decoraciÃ³n en la estanterÃ­a âœ¨

Â¿QuiÃ©n mÃ¡s ama el mundo de ACOTAR y a sus personajes? Os leoğŸ‘€

#acotar #marcapaginas #libros #feyre #rhysand #unacortederosasyespinas #LecturaCozy #lecturas #bookstagram #booktok #books"
16,promocion,marcapaginas,"âœ¨ Â¿Te gustan estos marcapÃ¡ginas de madera? Cada uno estÃ¡ pirograbado a mano con muchÃ­simo cariÃ±o y detalle, pensado para acompaÃ±arte en tus lecturas mÃ¡s especiales. ğŸ“–ğŸ’›

Son piezas Ãºnicas, perfectas para marcar las historias que te han dejado huella y, cuando no las estÃ©s usando, Â¡quedan preciosas decorando tu estanterÃ­a! ğŸŒ¿âœ¨

Y si quieres algo aÃºn mÃ¡s personalâ€¦ puedo crear un marcapÃ¡ginas inspirado en tu libro favorito. ğŸ“šğŸ’« Si tienes alguna idea o te gustan los que ves en la foto escrÃ­beme y hablamosğŸ˜Š.

En la foto hay un diseÃ±o nuevo que aÃºn no os habÃ­a enseÃ±adoâ€¦ ğŸ‘€ Â¿Sabes cuÃ¡l es? Â¡Te leo en comentarios! ğŸ’¬ğŸ’•"
17,promocion,marcapaginas,"Â¿SabÃ­as que los marcapÃ¡ginas de madera tambiÃ©n pueden ser una decoraciÃ³n sÃºper original para vuestras estanterÃ­as?âœ¨

Llevo un tiempo pensando en idear una manera en la que los marcapÃ¡ginas estÃ©n presentes en nuestra vida aunque no lo estemos usando en un libro. Tras darle algunas vueltas naciÃ³ este pequeÃ±o soporte de madera natural.
Usando estos pequeÃ±os dispositivos los marcapÃ¡ginas pueden mantenerse en una posiciÃ³n vertical perfectamente y de una manera muy estable. De esta manera, podemos ponerlos de exposiciÃ³n en nuestras estanterÃ­as y aÃ±adirlos a la colecciÃ³n de tesoros preciados que todas tenemos de nuestros libros.ğŸ¥°â¤ï¸
El soporte viene incluido con vuestro marcapÃ¡ginas. Os recuerdo que no sÃ³lo tenÃ©is disponibles los que ya he publicado en la cuenta sino que podÃ©is personalizaros el vuestro como querÃ¡is (temÃ¡ticas, libros concretos, frases, pelÃ­culas, diseÃ±os que os hayan gustado...). Os animo a que me escribÃ¡is sin compromiso si tenÃ©is alguna idea en mente.ğŸ˜Š
Â¿QuÃ© os parece la idea? Os leo en comentarios.ğŸ‘€

#libros #bookstagram #hechoamano #marcapaginas #maderanatural #artesanÃ­a"
18,promocion,fundas,"âœ¨ğŸ“š FUNDITAS LITERARIAS: Â¡Protege tus libros favoritos! ğŸ“šâœ¨

Si eres de las que no pueden ir a ningÃºn lado sin su libro, necesitas una funda literaria que lo cuide y lo mantenga impecable en cada aventura. Nada de esquinas dobladas ni portadas arrugadas, Â¡tu lectura merece estar bien protegida! ğŸ’•ğŸ“–

Hoy te traigo estos modelos de fundas acolchadas, hechas a mano con mucho amor y perfectas para acompaÃ±arte donde quieras:

ğŸŒ¸ Funda de flores rosa â€“ Â¡Ãšltima unidad! Si te gusta, no la dejes escapar.

ğŸ’™ Funda de flores azules â€“ Un diseÃ±o elegante y romÃ¡ntico.

ğŸ¤ Funda de pelito beige sin botÃ³n â€“ Extra suave y acogedora. Disponible solo en tamaÃ±o Kindle (y solo queda una).

âœ¨ Funda beige de puntitos â€“ SÃºper gordita y calentita, perfecta para mimar tu libro. (Quedan 2 unidades).

âš¡ Funda casas Harry Potter â€“ Para los mÃ¡s fans del mundo mÃ¡gico. Disponible en 2 ejemplares.

ğŸ“¢ Â¡Stock muy limitado! Si te enamoras de alguna, no dudes en hacerte con ella antes de que vuele.

ğŸ“Œ En historias destacadas te las dejo una a una para que las veas con mÃ¡s detalle.

ğŸ“© Para hacer tu pedido, escrÃ­beme por mensaje directo. Â¡Me encantarÃ¡ ayudarte a elegir la ideal para ti!
ğŸ’¬ CuÃ©ntame, Â¿cuÃ¡l es tu favorita? Â¿Te gustarÃ­a ver otros diseÃ±os en el futuro? Â¡Te leo en comentarios! ğŸ‘‡âœ¨

#fundasliterarias #libros #bookstagram #LecturaCozy #hechoamano #lectura"
19,promocion,velas,"âœ¨ AsÃ­ empaco tus velitas literarias âœ¨

Cada pedido que sale de aquÃ­ estÃ¡ lleno de amor, detalles y, por supuesto, el aroma perfecto para acompaÃ±ar tus lecturas. ğŸ“–ğŸ•¯ï¸ğŸ’Œ

Desde el momento en que eliges tu vela hasta que llega a tu puerta, todo estÃ¡ pensado para que vivas una experiencia mÃ¡gica. âœ¨ğŸ“¦

ğŸ“ Empaque cuidadoso
ğŸ“ Detalles especiales
ğŸ“ Un pedacito de tu historia en cada envÃ­o

Te recuerdo que puedes elegir entre aroma de lavanda y canela, aunque de esta Ãºltima solo queda unağŸ¤­. AdemÃ¡s si haces la compra en febrero te llevas un marcapÃ¡ginas de telita de esquina de REGALO... Hazte con ella!!ğŸ’«ğŸ’›

#velas #libros #hechoamano #sanvalentin #regalos #lectura #bookstagram #cozy"
20,proceso de creacion,velas,"âœ¨ De la naturaleza a tu hogar âœ¨

Hoy quiero compartir con vosotros el proceso completo de creaciÃ³n de mis velitas naturales, desde que recojo cuidadosamente la madera hasta que cada pieza queda terminada y decorada. ğŸŒ¿âœ¨

No ha sido un camino fÃ¡cil; detrÃ¡s de cada velita hay horas de trabajo, pruebas y aprendizaje. Pero cada intento ha valido la pena, porque amo este proceso y disfruto cada paso. ğŸ’›

Este vÃ­deo es un pequeÃ±o reflejo de todo el esfuerzo y dedicaciÃ³n que hay detrÃ¡s de un producto artesanal. Cada velita es Ãºnica, hecha a mano con mucho cariÃ±o para que llegue a vuestro hogar con la mejor energÃ­a. ğŸ’«âœ¨

Â¿QuÃ© os parece este proceso? Â¡Os leo en comentarios! ğŸ•¯ğŸ’­ğŸ’›

#velas #libros #hechoamano #artesanÃ­a #lectura #regalos #bookstagram #cozy #primavera #proceso #handmade"
21,promocion,velas,"Hoy quiero compartir con vosotras un post muy especial sobre uno de mis aromas favoritos: la lavanda. ğŸ’œğŸŒ¿ Si lees el post, descubrirÃ¡s por quÃ© su fragancia es tan relajante y especial.

A veces, necesitamos detenernos un momento, respirar hondo y disfrutar de esos pequeÃ±os placeres que nos hacen sentir bien. Si eres como yo y amas las velitas y los ratitos de lectura, seguro que te encantarÃ¡ tener una vela de lavanda para acompaÃ±ar esos momentos de calma y autocuidado. âœ¨ğŸ“–

Si te animas a conseguir la tuya, escrÃ­beme por mensaje directo. Â¡Espero que te guste el post! CuÃ©ntame en comentarios si te gustarÃ­a que hiciera lo mismo con los demÃ¡s aromas de la tienda. ğŸ’¬ğŸ’•"
22,novedades,marcapaginas,"âœ¨ Â¡Nuevo marcapÃ¡ginas en la tienda! âœ¨

Si has leÃ­do Binding 13, seguro que entiendes por quÃ© necesitaba hacerle un marcapÃ¡ginas. ğŸ’™ğŸ“– Esta historia ha sido de mis lecturas favoritas de este aÃ±o, asÃ­ que tenÃ­a que plasmarla en madera con mucho cariÃ±o.

Perfecto para acompaÃ±ar tu lectura o decorar tu estanterÃ­a con un pedacito de este libro tan especial. AdemÃ¡s, trae grabada una playlist con las canciones mÃ¡s icÃ³nicas que aparecen en la historia y que nos recuerdan a los personajesğŸ¤­

TambiÃ©n salen hoy a la venta los llaveritos de Johnny, Joey y Gibsie, con sus nÃºmeros en el anverso y los sÃ­mbolos de sus deportes en el reverso (Rugby para Johnny y Gibsie y Hurling para Joey)

Â¿QuiÃ©n mÃ¡s no puede parar de pensar en la historia de los chicos de Tommen? Os leo en comentarios. ğŸ‘€ğŸ’•

#binding13 #libros #marcapaginas #handmade #lecturas"
23,promocion,marcapaginas,"Â¿A quiÃ©n mÃ¡s le encantan los libros de los chicos de Tommen?ğŸ¤­ğŸ’•
Este marcapÃ¡ginas no sÃ³lo es perfecto para usarlo en estos libros tan especiales, sino que ademÃ¡s traen el cÃ³digo de una playlist con las canciones mÃ¡s importantes de la saga.
QuiÃ©n es vuestro personaje favorito hasta ahora? Os leo en comentarios ğŸ¥°

#libros
#binding13 #chloewalsh #artesanÃ­a #hechoamano #cozy #regalos"
24,promocion,fundas,"Fundita literaria perfecta para proteger tus libros este invierno!!â„ï¸â„ï¸â„ï¸

Si quieres proteger tus libros favoritos con una funda de tela de pelito sÃºper suave y calentita, no dudes en enviarme un mensaje.  Su color blanco roto combina con todo y le da ese toque mÃ¡gico que te harÃ¡ sentir en un paisaje nevado mientras disfrutas de tu lectura.

Es ideal para mimar tus libros y para llevÃ¡rtelos contigo a todas partes sin preocuparte. Â¿Ya te imaginas leyendo con tu funda al lado de una taza caliente? â˜•âœ¨

No te quedes sin la tuya â¤ï¸"
25,promocion,marcapaginas,"Este es uno de mis Ãºltimos diseÃ±os: un marcapÃ¡ginas de madera grabado inspirado en Powerless, hecho con mucho cariÃ±o para los amantes de esta maravillosa historia. Cada detalle estÃ¡ pensado para que te acompaÃ±e en tus lecturas y haga aÃºn mÃ¡s especial cada momento que pases entre pÃ¡ginas. ğŸŒ™ğŸ“–

Perfecto para quienes quieren un toque Ãºnico en sus lecturas o un regalo especial para fans de Powerless.

Â¿QuÃ© te parece? Si quieres llevarte uno igual o tienes alguna idea para personalizarlo con tus libros favoritos, Â¡mÃ¡ndame un mensaje! Estoy aquÃ­ para ayudarte a crear algo Ãºnico y lleno de magia. â¤ï¸

#libros #powerless #lectura #regalos #hechoamano #artesanÃ­a"
26,proceso de creacion,marcapaginas,"âœ¨AsÃ­ cobran vida vuestras ideasâœ¨

Este es el proceso que sigo para hacer los marcapÃ¡ginas que me pedÃ­s personalizados. El vÃ­deo es un ejemplo de un chico que me pidiÃ³ un diseÃ±o del Archivo de las Tormentas de Brandon Sanderson. A mi personalmente me encantÃ³ el resultado, y a Ã©l tambiÃ©n. Â¿QuÃ© os parece a vosotros?
Si tenÃ©is alguna idea en mente no dudÃ©is en contactarme. Haremos un diseÃ±o tan Ãºnico y especial como lo es tu libro favorito.ğŸ˜Šâ£ï¸

#libros #artesanÃ­a #personalizado #elarchivodelastormentas #brandonsanderson #madera #lectura #cozy #marcapaginas"
27,promocion,marcapaginas,"âœ¨ EDICIÃ“N LIMITADA ALAS DE Ã“NYXâœ¨ Â¿QuiÃ©n mÃ¡s estÃ¡ deseando que llegue el dÃ­a 22 de enero para poder leer Alas de Onyx? Para celebrar este lanzamiento he creado este marcapÃ¡ginas inspirado en su portada, perfecto para hacer una lectura super especial de este libro que llevamos tanto tiempo esperando. Personalmente necesitaba este marcapÃ¡ginas para sumergirme totalmente en el mundo de Violet y Xaden la semana que viene. He decidido compartirlo con vosotras para que podÃ¡is tener la misma experiencia y podÃ¡is aÃ±adir a vuestra estanterÃ­a una pieza super especial y Ãºnica de colecciÃ³n. Esta ediciÃ³n de marcapÃ¡ginas es limitada, solo harÃ© 5 ejemplares, asÃ­ que si os interesa no dudÃ©is en reservarlo por mensaje directo antes de que se agoten!! â£ï¸âœ¨"
28,libros,libros,"Hay libros que no solo lees, sino que se quedan contigo para siempre. ğŸ“šâœ¨"Hoy quiero compartir algunos de los libros que dejaron una huella especial en mi vida. Esos que me hicieron amar la lectura aÃºn mÃ¡s, que me regalaron mundos mÃ¡gicos, personajes inolvidables y momentos que siempre voy a recordar.

ğŸ“– Â¿Tienes algÃºn libro que te haya hecho sentir asÃ­? Me encantarÃ­a descubrir cuÃ¡les son los tuyos. Â¡DÃ©jalo en los comentarios! ğŸ«¶

ğŸ’¡ Si amas los libros tanto como yo y buscas un rincÃ³n cozy donde siempre haya algo literario para compartir, sÃ­gueme. ğŸ’Œ

#LectoresCozy #AmorPorLosLibros #FantasÃ­aYRomance #LecturaInspiradora #libros #librosquemarcan"
29,libros,libros,"âœ¨â£ï¸Mi wrapped lector 2024â£ï¸âœ¨

Quiero aprovechar este post para dar las gracias a todas las personas que estÃ¡n apoyando mi cuenta que lleva tan poquito en esta red. Gracias por cada buen comentario, me gusta y visualizaciÃ³n. Estoy muy feliz por estar aquÃ­ en este maravilloso ambiente de lectura, historias y pÃ¡ginas.

He decidido hacer este resumen de lectura para unirme a todas vosotras que tambiÃ©n habÃ©is compartido vuestro aÃ±o lector. Me encanta este contenido porque creo que se sacan buenÃ­simas recomendaciones y me lo paso genial viendo vuestros resumenes. Espero que vosotras tambiÃ©n lo disfrutÃ©is de la misma manera.

Me encantarÃ­a saber cÃ³mo ha ido vuestro aÃ±o lector. Â¿HabÃ©is tenido buenas lecturas? Os leo!!â¤ï¸"
30,novedades,marcapaginas,"âœ¨STICKERS LECTORESâœ¨ Â¿Os gustan estos diseÃ±os para decorar vuestro kindle, portÃ¡til...? Pronto subirÃ© mÃ¡s stickers muy especiales que estoy preparando y espero que os encanten ğŸ¥°"
31,promocion,multitipo,"â¤ï¸FELIZ MES DEL AMOR Y LA AMISTADâ¤ï¸ Quiero anunciaros que con motivo de San ValentÃ­n, todos los pedidos que hagÃ¡is este mes en la tienda llevarÃ¡n uno de estos preciosos marcapÃ¡ginas de tela de REGALOğŸ¥° Os recuerdo que podÃ©is elegir entre todas Ã©stas cositas en Cozy Tales: ğŸ“– MARCAPÃGINAS de madera grabados a mano. Con motivos literarios o personalizados. ğŸªµVELITAS naturales aromÃ¡ticas ğŸ—ï¸LLAVEROS de madera natural grabados a mano. DiseÃ±os disponibles en la tienda o personalizados. ğŸŒ¸FUNDAS LITERARIAS acolchadas y perfectas para llevar tus libros a cualquier parte. ğŸ¦„STICKERS literarios o de ACOTAR. SÃºper Ãºtiles para decorar tu kindle, cuadernos, portÃ¡til... Â¿Necesitas mÃ¡s informaciÃ³n? No dudes en preguntarme por mensaje directo. EstarÃ© encantada de hablar contigo. Aprovecha esta oportunidad perfecta para tener artÃ­culos literarios sÃºper originalesğŸ¥° â¤ï¸â£ï¸Feliz San ValentÃ­n a todas!!â¤ï¸â£ï¸ #sanvalentin #AmorPorLosLibros #regalos #libros #bookstagram #artesanÃ­a #lectura #hechoamano #madera #marcapaginas"
32,novedades,multitipo,"ğŸŒ¿âœ¨ La magia de transformar lo simple en algo especial âœ¨ğŸŒ¿

A veces, la naturaleza nos regala pequeÃ±os tesoros: una rama caÃ­da, un tronco olvidadoâ€¦ Solo hay que mirar con otros ojos para ver todo lo que pueden llegar a ser. ğŸ”¥ğŸ•¯ï¸

En Cozy Tales, cada pieza cuenta su propia historia, como en los libros que nos transportan a otros mundos. Con imaginaciÃ³n y cariÃ±o, todo cobra vida.

En esta publicaciÃ³n os dejo un adelanto de algunos nuevos productos que introducirÃ© en las siguientes semanas, como las velitas de soja naturales en recipientes de madera 100% natural o los nuevos llaveros y marcapÃ¡ginas de Los chicos de Tommen ğŸ¥° Â¿QuÃ© os parecen?

Y a ti, Â¿QuÃ© te inspira a crear? ğŸ‘€ğŸ’­ DÃ©jamelo en comentarios.

#libros #artesanÃ­a
#natural #LecturaCozy #naturaleza #madera #original #imaginacion #hechoamano"
34,proceso de creacion,marcapaginas,"Os dejo el proceso de creaciÃ³n de los marcapÃ¡ginas que os voy enseÃ±ando. En esta ocasiÃ³n, os muestro un nuevo diseÃ±o. Powerless ha sido una de mis lecturas favoritas este aÃ±o. Con este diseÃ±o he querido basarme en la portada y la esencia de la historia. La daga de Paedyn encarando a la corona, las flores y enredaderas de la portada del libro y la tipografÃ­a del tÃ­tulo han sido algunos de los elementos que he querido aÃ±adir a este marcapÃ¡ginas. Estoy deseando leer el final de la trilogÃ­a con este nuevo accesorio. Â¿Y a vosotras, que os parece? #libros #lectura #artesanÃ­a #cozy #regalos #marcapaginas"
35,libros,multitipo,"Un buen libro, velitas y el rincÃ³n de lectura perfecto.âœ¨ğŸ“–

#acogedor
#libros
#cozy 
#descanso"
36,proceso de creacion,fundas,"Â¿QuÃ© os parece esta fundita literaria navideÃ±a?âœ¨

La navidad es mi Ã©poca favorita del aÃ±o, y no he podido resistirme a hacer esta funda para mis lecturas. 
Â¡Espero que todas pasÃ©is unas navidades geniales y llenas de libros 5 estrellas!

#libros
#navidad
#lectura 
#regalos"
37,promocion,marcapaginas,"âœ¨ Para los fans de ACOTAR y los mundos llenos de magia y romance âœ¨

Si te emociona perderte entre las pÃ¡ginas del mundo de Feyre y Rhysand o sueÃ±as con visitar la Corte Noche, estos productos estÃ¡n pensados para ti. ğŸ–¤

Te presentamos un marcapÃ¡ginas grabado a mano con un diseÃ±o inspirado en ACOTAR y un llaverito que te acompaÃ±arÃ¡ allÃ¡ donde vayas, para que siempre lleves un pedacito de Velaris. ğŸŒ™

Cada detalle estÃ¡ hecho con mucho cariÃ±o para que puedas llevar un pedacito de esta historia contigo, ya sea entre tus libros o en tus llaves. Â¡Son perfectos para regalar (o para darte un capricho)! ğŸ

ğŸ“© Si tienes cualquier duda o necesitas ayuda para hacer tu pedido, escrÃ­beme por mensaje directo.
ğŸ“– Toda la informaciÃ³n sobre los productos y la guÃ­a de compra estÃ¡ en el enlace de la biografÃ­a. AllÃ­ tambiÃ©n encontrarÃ¡s el catÃ¡logo completo para explorar todas las opciones.

ğŸŒŸ Haz que tu rincÃ³n lector y tus accesorios sean tan mÃ¡gicos como la historia que tanto amas. Â¿QuÃ© diseÃ±o es tu favorito?

#acotar #marcapaginas
#llaveros #artesanÃ­a
#hechoamano
#lectura #libros
#rhysand
#velaris"
38,promocion,multitipo,"No hay nada mÃ¡s acogedor que disfrutar de un buen libro al calor de una chimenea, Â¿verdad?

Hoy damos inicio a esta pequeÃ±a aventura y queremos presentarnos oficialmente: bienvenidas a Cozy Tales, un espacio creado con mucho cariÃ±o para acompaÃ±arte en esos pequeÃ±os momentos que hacen la vida mÃ¡s especial.

AquÃ­ encontrarÃ¡s todo lo que necesitas para desconectar: libros, bebidas calentitas y accesorios literarios diseÃ±ados para que cada instante de lectura sea mÃ¡gico.

Nos encantarÃ­a ser parte de tus historias y crear juntas un rincÃ³n donde la comodidad y la pasiÃ³n por leer siempre estÃ©n presentes.

Â¡Esperamos que esta cuenta se convierta en tu refugio favorito!"
39,libros,libros,"#libros #cozy#lectura #frasesbonitas"
40,promocion,llaveros,"â­ Dale un toque Ãºnico a tus dÃ­as con nuestros llaveros y colgantes literariosâ­
En Cozy Tales, creemos que los pequeÃ±os detalles marcan la diferencia, y nuestros llaveros y colgantes estÃ¡n diseÃ±ados para que lleves contigo algo que te inspire, te identifique y te haga sonreÃ­r. 
Â¿Quieres hacer que tus llaves, bolsos, mochilas, rincones de casa... sean aÃºn mÃ¡s Ãºnicos y especiales?
Si te interesan estos especiales diseÃ±os, puedes encontrar como obtenerlos en la guÃ­a de compra de los links o mandarnos un mensaje directo. Â¡Estaremos encantados de hablar contigo!
Para mÃ¡s accesorios lectores Ãºnicos, visita nuestro catÃ¡logo de productos en el link de la biografÃ­a.

#libros #lectora #lectura #acotar #alasdesangre #artesanÃ­a #handmade #original #llaveros #marcapaginas"
